{
  "gizmos-infos": {
    "is2D": true,
    "is3DIcon": false,
    "iconSize": 2,
    "gridVisible": true,
    "gridColor": [
      166,
      166,
      166,
      255
    ],
    "transformToolName": "position",
    "pivot": "pivot",
    "coordinate": "local",
    "toolsVisibility3d": true
  },
  "__version__": "1.0.0",
  "builder": {
    "taskOptionsMap": {},
    "__version__": "1.3.8"
  },
  "snap-configs": {
    "position": {
      "x": 1,
      "y": 1,
      "z": 1
    },
    "rotation": 1,
    "scale": 1,
    "isPositionSnapEnabled": false,
    "isRotationSnapEnabled": false,
    "isScaleSnapEnabled": false
  },
  "rect-snap-configs": {
    "enableSnapping": true,
    "snapThreshold": 4
  },
  "float-window": {
    "position": {
      "cc": {
        "Camera": {
          "dock": false,
          "top": null,
          "bottom": 10,
          "left": null,
          "right": 10
        }
      }
    }
  },
  "camera-infos": {
    "d7bb37c7-aae1-4859-be77-560567e77195": {
      "position": {
        "x": 639.9999999999999,
        "y": 360.0000000000001,
        "z": 5000
      },
      "rotation": {
        "x": 0,
        "y": 0,
        "z": 0,
        "w": 1
      },
      "viewCenter": {
        "x": 0,
        "y": 0,
        "z": 0
      },
      "contentRect": {
        "x": 0,
        "y": 3.8157948469600505e-14,
        "width": 476.70000000000005,
        "height": 268.14375000000007
      },
      "scale": 0.37242187500000007
    },
    "6f935bcc-5d0b-4a56-82f4-8ff65916bc53": {
      "position": {
        "x": 640,
        "y": 360,
        "z": 5000
      },
      "rotation": {
        "x": 0,
        "y": 0,
        "z": 0,
        "w": 1
      },
      "viewCenter": {
        "x": 0,
        "y": 0,
        "z": 0
      },
      "contentRect": {
        "x": 0,
        "y": 0,
        "width": 278.6,
        "height": 156.71250000000003
      },
      "scale": 0.21765625000000005
    },
    "7eb65acf-780e-4bc4-bfe5-04c0cb072dc0": {
      "position": {
        "x": 717.8904665314401,
        "y": -448.4381338742388,
        "z": 5000
      },
      "rotation": {
        "x": 0,
        "y": 0,
        "z": 0,
        "w": 1
      },
      "viewCenter": {
        "x": 0,
        "y": 0,
        "z": 0
      },
      "contentRect": {
        "x": 77.89046653144015,
        "y": -1010.5476673427988,
        "width": 345.1,
        "height": 194.11875000000003
      },
      "scale": 0.26960937500000004
    },
    "28208f1c-765d-4abe-9269-1aa97a44303c": {
      "position": {
        "x": 639.9999999999999,
        "y": 359.99999999999994,
        "z": 5000
      },
      "rotation": {
        "x": 0,
        "y": 0,
        "z": 0,
        "w": 1
      },
      "viewCenter": {
        "x": 0,
        "y": 0,
        "z": 0
      },
      "contentRect": {
        "x": 0,
        "y": 5.447707108553029e-14,
        "width": 333.9,
        "height": 187.81874999999997
      },
      "scale": 0.260859375
    },
    "5cc02654-3143-4099-855a-101ea8a8ff60": {
      "position": {
        "x": -239.87935221151383,
        "y": 600.8902910199367,
        "z": 5000
      },
      "rotation": {
        "x": 0,
        "y": 0,
        "z": 0,
        "w": 1
      },
      "viewCenter": {
        "x": 0,
        "y": 0,
        "z": 0
      },
      "contentRect": {
        "x": -1267.477782291359,
        "y": -454.4749725764491,
        "width": 278.6,
        "height": 286.12807671875004
      },
      "scale": 0.1435995718520814
    },
    "30b32d92-3b46-45bd-8e2d-b480142a21d9": {
      "position": {
        "x": -1.171104979786378,
        "y": 1462.9989325541987,
        "z": 5000
      },
      "rotation": {
        "x": 0,
        "y": 0,
        "z": 0,
        "w": 1
      },
      "viewCenter": {
        "x": 0,
        "y": 0,
        "z": 0
      },
      "contentRect": {
        "x": -1214.845134505077,
        "y": 249.32490302890793,
        "width": 295.12538919067356,
        "height": 303.1
      },
      "scale": 0.11852441141569506
    },
    "95be83f7-d81e-4306-b50b-e5bab71c4d02": {
      "position": {
        "x": 95.64224677082393,
        "y": 749.8830189099219,
        "z": 5000
      },
      "rotation": {
        "x": 0,
        "y": 0,
        "z": 0,
        "w": 1
      },
      "viewCenter": {
        "x": 0,
        "y": 0,
        "z": 0
      },
      "contentRect": {
        "x": -1044.0399502650353,
        "y": -389.79917812593703,
        "width": 287.7,
        "height": 287.7
      },
      "scale": 0.12621939727946271
    },
    "c424ad92-52d0-4a84-91c0-6c42875997c5": {
      "position": {
        "x": 921.4671621724542,
        "y": 912.810368259896,
        "z": 5000
      },
      "rotation": {
        "x": 0,
        "y": 0,
        "z": 0,
        "w": 1
      },
      "viewCenter": {
        "x": 0,
        "y": 0,
        "z": 0
      },
      "contentRect": {
        "x": -671.4838957705714,
        "y": -476.60262683924833,
        "width": 287.7,
        "height": 287.7
      },
      "scale": 0.08744775886578574
    },
    "835f83a2-9219-48ef-860b-84094f53817a": {
      "position": {
        "x": 640,
        "y": 360.0000000000001,
        "z": 5000
      },
      "rotation": {
        "x": 0,
        "y": 0,
        "z": 0,
        "w": 1
      },
      "viewCenter": {
        "x": 0,
        "y": 0,
        "z": 0
      },
      "contentRect": {
        "x": 590,
        "y": 310.00000000000006,
        "width": 287.7,
        "height": 287.7
      },
      "scale": 2.877
    }
  },
  "camera-uuids": [
    "d7bb37c7-aae1-4859-be77-560567e77195",
    "6f935bcc-5d0b-4a56-82f4-8ff65916bc53",
    "7eb65acf-780e-4bc4-bfe5-04c0cb072dc0",
    "28208f1c-765d-4abe-9269-1aa97a44303c",
    "5cc02654-3143-4099-855a-101ea8a8ff60",
    "30b32d92-3b46-45bd-8e2d-b480142a21d9",
    "95be83f7-d81e-4306-b50b-e5bab71c4d02",
    "c424ad92-52d0-4a84-91c0-6c42875997c5",
    "835f83a2-9219-48ef-860b-84094f53817a"
  ],
  "camera": {
    "color": [
      48,
      48,
      48,
      255
    ],
    "fov": 45,
    "far": 10000,
    "near": 0.01,
    "wheelSpeed": 0.01,
    "wanderSpeed": 10,
    "enableAcceleration": true,
    "size": "__default_design__",
    "far2D": 10000,
    "near2D": 1,
    "wheelSpeed2D": 6,
    "iso": 0,
    "aperture": 19,
    "shutter": 7
  }
}
